{"cameraMode":{"drawMode":0,"name":"Shaded","section":"Shading Mode"},"sceneLighting":true,"audioPlay":false,"sceneViewState":{"showFog":true,"showMaterialUpdate":false,"showSkybox":true,"showFlares":true,"showImageEffects":true,"showParticleSystems":true,"showVisualEffectGraphs":true,"m_FxEnabled":true},"in2DMode":false,"pivot":{"x":-1.1744887828826905,"y":1.0524415969848633,"z":-1.2768311500549317},"rotation":{"x":-0.04871009662747383,"y":0.6935298442840576,"z":-0.047100044786930087,"w":-0.7172346711158752},"size":4.411719799041748,"orthographic":false}